level,learning_goals,theme,sheet_width,task,layout,answer
2nd year fundamental,counting,farm life,600px,Observe the given words related to farm life and count the number of letters in each.,The activity includes an illustration of a farm with words labeled. The student counts the letters and writes the number in boxes.,"Curral: 6, Plantation: 10, Tractor: 7"

2nd year fundamental,addition,cards,600px,Observe the image of children holding cards and calculate the total number of cards.,Two children are holding cards with numbers. The student adds the two values and writes the sum.,53 + 40 = 93

2nd year fundamental,addition,balloons,600px,Observe the image of children with balloons and find the total.,"The image shows two children, each with a different number of balloons. The student adds the values.",24 + 15 = 39

2nd year fundamental,addition,apples,600px,Observe the image of children collecting apples and determine the total.,The image presents two children gathering apples. The student adds the numbers.,18 + 22 = 40

2nd year fundamental,counting,blinking lights,600px,Count the blinking lights and convert them into dozens.,A festive garland with colored blinking lights. The student counts and converts the total.,20 lights = 2 dozens

2nd year fundamental,counting,stars in the night sky,600px,Count the stars and group them into sets of five.,A night sky with scattered stars of different sizes. The student counts and groups them.,15 stars = 3 groups of 5

2nd year fundamental,counting,fruit weights,600px,Observe the weight of the three fruits and circle the heaviest.,Illustration of three fruits labeled with different weights.,The heaviest fruit is 12kg

2nd year fundamental,counting,ball weights,600px,Observe the weight of the three balls and circle the heaviest.,Illustration of three balls labeled with different weights.,The heaviest ball is 9kg

2nd year fundamental,counting,family members,600px,Count the number of family members in each drawing and compare.,"Three drawings labeled as Felipe, Eduardo, and Patricia, representing families.","Felipe: 4, Eduardo: 6, Patricia: 7"

Level,Learning Goals,Theme,Sheet Width,Task,Answer A,Answer B,Answer C
2nd year fundamental,counting,toys,600px,"Observe the image, count the number of toys in each drawing, and answer the questions about the toy collections.","Lucas (5), Maria (8), Tom (10).",Tom's collection,3

2nd year fundamental,counting,fruits,600px,"Observe the image, count the number of fruits in each drawing, and answer the questions about the fruit collections.","Ana (7), João (11), Sofia (15).",Sofia's basket,4

2nd year fundamental,addition,shopping,600px,"Observe the image, calculate how much Raul spent, and determine the new total if he buys an additional item.",30,40,

2nd year fundamental,addition,shopping at an ice cream shop,600px,"Observe the image, calculate how much Julia spent, and determine the new total if she buys an additional scoop.",20,25,

2nd year fundamental,addition,school cafeteria and meal distribution,600px,The objective of this activity is for the student to calculate the total number of meals served in the school cafeteria during the day by adding the number of meals from both shifts.,16,,

2nd year fundamental,addition,hospital and patient care,600px,The objective of this activity is for the student to calculate the total number of patients treated by Dr. Ana during the day by adding the number of patients from both shifts.,12,,

2nd year fundamental,addition,size measurement and nature,600px,The objective of this activity is for the student to calculate the total height of two birds by adding their values together.,60,,

2nd year fundamental,"addition, logical reasoning",math operations,600px,The objective of this activity is for the student to complete the blanks with the correct numbers based on addition problems.,"24, 32, 500, 4",,

2nd year fundamental,"addition, logical reasoning",football and scoring,600px,The objective of this activity is for the student to calculate the total number of goals scored by both players by adding their values together.,364,,

Level,Learning Goals,Theme,Sheet Width,Task,Answer
2nd year fundamental,addition,farming and counting,600,Calculate the total number of pumpkins in both patches of land by adding their values together,603

2nd year fundamental,addition,school assembly,600,Calculate the total number of children now sitting down in the school assembly by adding their values together,309

2nd year fundamental,addition,farm harvesting and counting,600,Calculate the total number of apples harvested by adding the values together,465

2nd year fundamental,addition,counting and comparing beads,600,Calculate the total number of beads Elliott has by adding the values together,214

2nd year fundamental,addition,number puzzle,600,Determine the number based on the given mathematical clues,"64, 34, 86"

2nd year fundamental,addition,art and drawing,600,Calculate the total number of drawings in an exhibition by adding the given values together,"193, 238, 420"

2nd year fundamental,addition,beach and sandcastle building,600,Calculate the total number of sandcastles built by Lucas by adding the given values together,10

2nd year fundamental,addition,kite flying and counting,600,Calculate the total number of kites Felipe made by adding the given values together,16

2nd year fundamental,addition,pet counting,600,Calculate the total number of pets Julia has by adding the given values together,13

2nd year fundamental,addition,apple counting,600,Calculate the total number of apples Ana bought by adding the given values together,43

Level,Learning Goals,Theme,Task,Answer
2nd year fundamental,"Addition, Counting",Ocean Animals and Counting,"Observe image, write answer","Solve: (3+3=6), (4+1=5), (2+1=3). Answers: '6', '5', '3'."

2nd year fundamental,"Addition, Counting",Birthday Party Decorations,"Observe image, write answer","Solve: (6+5=11), (4+3=7), (11+7=18). Answers: '11', '7', '18'."

2nd year fundamental,"Addition, Counting",Jungle and Bananas,"Observe image, write answer","Solve: (6+1=7), (3+2=5), (3+3=6). Answers: '7', '5', '6'."

2nd year fundamental,"Addition, Counting",Forest and Egg Collection,"Observe image, write answer","Solve: (8+2=10), (4+4=8), (3+6=9). Answers: '10', '8', '9'."

2nd year fundamental,"Addition, Counting",Shopping and Cost Calculation,"Observe items, calculate total price, write answer","Solve: (3+1=4), (5+5=10), (6+2=8). Answers: '4', '10', '8'."

2nd year fundamental,"Addition, Counting",New Year's Eve Party,"Observe items, calculate total price, write answer","Solve: (30+20=50), (40+35=75), (60+45=105). Answers: '50', '75', '105'."

2nd year fundamental,"Addition, Counting",Matching Sums,"Observe equations, match with correct answer","Match equations: (7+6=13), (8+3=11), (3+5=8), (6+4=10), (7+2=9)."

2nd year fundamental,"Addition, Counting",Counting Drink Packs,"Observe image, write answer",Solve: (8+11=19). Answer: '19'.

2nd year fundamental,"Addition, Counting",Counting Colored Counters,"Observe image, write answer",Solve: (35+42=77). Answer: '77'.

2nd year fundamental,"Addition, Counting",Counting Crayon Boxes,"Observe image, write answer",Solve: (3+2=5). Answer: '5'.
