Pergunta,Resposta
"
A atividade trabalha adequadamente o conceito de adição?

1 - Discordo totalmente
2 - Discordo
3 - Neutro / Indiferente
4 - Concordo
5 - Concordo totalmente

",3
"
O enunciado da atividade é claro e compreensível?

1 - Discordo totalmente
2 - Discordo
3 - Neutro / Indiferente
4 - Concordo
5 - Concordo totalmente

",4
"
A atividade fornece as informações necessárias para que os alunos consigam resolvê-la corretamente?

1 - Discordo totalmente
2 - Discordo
3 - Neutro / Indiferente
4 - Concordo
5 - Concordo totalmente

",4
"
A atividade está bem contextualizada dentro do tema animais?

1 - Discordo totalmente
2 - Discordo
3 - Neutro / Indiferente
4 - Concordo
5 - Concordo totalmente

",4
"
O layout da atividade é bem estruturado e facilita a compreensão?

1 - Discordo totalmente
2 - Discordo
3 - Neutro / Indiferente
4 - Concordo
5 - Concordo totalmente

",5
"
O nível da atividade é adequado para alunos do 2º ano do ensino fundamental?

1 - Discordo totalmente
2 - Discordo
3 - Neutro / Indiferente
4 - Concordo
5 - Concordo totalmente

",4
"
Você utilizaria essa atividade em sala de aula se ela incluísse imagens com as características descritas?

1 - Discordo totalmente
2 - Discordo
3 - Neutro / Indiferente
4 - Concordo
5 - Concordo totalmente

",3
"
Em que medida a contextualização do tema apresenta originalidade e favorece o aprendizado de forma lúdica?

1 - Muito baixa: A atividade é totalmente convencional, previsível e não apresenta elementos novos ou adaptados.
2 - Baixa: A atividade traz pequenas variações, mas ainda segue formatos comuns, com pouca inovação.
3 - Moderada: A atividade apresenta algumas ideias criativas ou adaptações interessantes, mas ainda dentro de um modelo tradicional.
4 - Alta: A atividade demonstra originalidade, com elementos inovadores e estratégias diferenciadas que favorecem o envolvimento dos alunos.
5 - Muito alta: A atividade é excepcionalmente criativa, integrando ideias originais e fora do comum, com grande potencial de engajamento e impacto pedagógico.

",3
"
Em que medida o leiaute e a organização da atividade se mostram criativos e contribuem para um aprendizado mais lúdico?

1 - Muito baixa: O leiaute é convencional, previsível e não traz elementos novos ou diferenciados.
2 - Baixa: O leiaute apresenta pequenas variações, mas ainda segue padrões comuns e pouco inovadores.
3 - Moderada: O leiaute inclui algumas ideias criativas ou adaptações interessantes, embora mantenha um formato tradicional.
4 - Alta: O leiaute demonstra originalidade, com elementos inovadores e bem estruturados para favorecer a aprendizagem.
5 - Muito alta: O leiaute é excepcionalmente criativo, com organização diferenciada, original e altamente envolvente para os alunos.

",4
"
Em que medida a forma de resposta proposta na atividade (escrita, desenho, pintura ou outra) é criativa e estimula a aprendizagem de forma lúdica?

1 - Muito baixa: A forma de resposta é totalmente convencional e não apresenta variações ou elementos criativos.
2 - Baixa: A forma de resposta traz pequenas variações, mas ainda é limitada e pouco inovadora.
3 - Moderada: A forma de resposta apresenta algumas ideias criativas ou alternativas interessantes, mas mantém um padrão tradicional.
4 - Alta: A forma de resposta é original, oferecendo estratégias diferenciadas que estimulam maior envolvimento dos alunos.
5 - Muito alta: A forma de resposta é excepcionalmente criativa, com propostas diversificadas, originais e grande potencial de engajamento e aprendizagem.


",2
